{
  "resourceType" : "Observation",
  "id" : "LeakageCatheterExample",
  "text" : {
    "status" : "generated",
    "div" : "<div xmlns=\"http://www.w3.org/1999/xhtml\"><p class=\"res-header-id\"><b>Generated Narrative: Observation LeakageCatheterExample</b></p><a name=\"LeakageCatheterExample\"> </a><a name=\"hcLeakageCatheterExample\"> </a><a name=\"LeakageCatheterExample-en-US\"> </a><p><b>status</b>: Final</p><p><b>code</b>: <span title=\"Codes:{http://loinc.org 72514-3}\">Pain severity - 0-10 verbal numeric rating [Score] - Reported</span></p><p><b>subject</b>: Identifier: <code>https://www.telemonitoring-prescription.com/FHIR/patient</code>/D358D4B4-6007-4C3E-A33B-056773F45DC9</p><p><b>effective</b>: 2024-11-15 09:56:00+0000 --&gt; 2024-11-15 09:57:00+0000</p><p><b>performer</b>: <a href=\"#hcLeakageCatheterExample/nurse\">PractitionerRole Nurse</a></p><p><b>value</b>: <span title=\"Codes:{http://loinc.org LA10138-8}\">6</span></p><hr/><blockquote><p class=\"res-header-id\"><b>Generated Narrative: PractitionerRole #nurse</b></p><a name=\"LeakageCatheterExample/nurse\"> </a><a name=\"hcLeakageCatheterExample/nurse\"> </a><a name=\"LeakageCatheterExample/nurse-en-US\"> </a><div style=\"display: inline-block; background-color: #d9e0e7; padding: 6px; margin: 4px; border: 1px solid #8da1b4; border-radius: 5px; line-height: 60%\"><p style=\"margin-bottom: 0px\"/><p style=\"margin-bottom: 0px\">Profile: <a href=\"https://www.ehealth.fgov.be/standards/fhir/core/2.0.1/StructureDefinition-be-practitionerrole.html\">BePractitionerRole</a></p></div><p><b>code</b>: <span title=\"Codes:{https://www.ehealth.fgov.be/standards/fhir/core/CodeSystem/cd-hcparty persnurse}\">Nurse</span></p></blockquote></div>"
  },
  "contained" : [{
    "resourceType" : "PractitionerRole",
    "id" : "nurse",
    "meta" : {
      "profile" : ["https://www.ehealth.fgov.be/standards/fhir/core/StructureDefinition/be-practitionerrole"]
    },
    "code" : [{
      "coding" : [{
        "system" : "https://www.ehealth.fgov.be/standards/fhir/core/CodeSystem/cd-hcparty",
        "code" : "persnurse",
        "display" : "Nurse"
      }]
    }]
  }],
  "status" : "final",
  "code" : {
    "coding" : [{
      "system" : "http://loinc.org",
      "code" : "72514-3"
    }]
  },
  "subject" : {
    "identifier" : {
      "system" : "https://www.telemonitoring-prescription.com/FHIR/patient",
      "value" : "D358D4B4-6007-4C3E-A33B-056773F45DC9"
    }
  },
  "effectivePeriod" : {
    "start" : "2024-11-15T09:56:00+00:00",
    "end" : "2024-11-15T09:57:00+00:00"
  },
  "performer" : [{
    "reference" : "#nurse"
  }],
  "valueCodeableConcept" : {
    "coding" : [{
      "system" : "http://loinc.org",
      "code" : "LA10138-8"
    }]
  }
}