<?xml version="1.0" encoding="UTF-8"?>

<Observation xmlns="http://hl7.org/fhir">
  <id value="DistendedAbdomenExample"/>
  <text>
    <status value="generated"/><div xmlns="http://www.w3.org/1999/xhtml"><p class="res-header-id"><b>Generated Narrative: Observation DistendedAbdomenExample</b></p><a name="DistendedAbdomenExample"> </a><a name="hcDistendedAbdomenExample"> </a><a name="DistendedAbdomenExample-en-US"> </a><p><b>status</b>: Final</p><p><b>code</b>: <span title="Codes:{http://snomed.info/sct 60728008}">Swollen abdomen</span></p><p><b>subject</b>: Identifier: <code>https://www.telemonitoring-prescription.com/FHIR/patient</code>/D358D4B4-6007-4C3E-A33B-056773F45DC9</p><p><b>effective</b>: 2024-11-15 09:56:00+0000 --&gt; 2024-11-15 09:57:00+0000</p><p><b>performer</b>: <a href="#hcDistendedAbdomenExample/nurse">PractitionerRole Nurse</a></p><p><b>value</b>: <span title="Codes:{http://loinc.org LA6752-5}">Mild</span></p><hr/><blockquote><p class="res-header-id"><b>Generated Narrative: PractitionerRole #nurse</b></p><a name="DistendedAbdomenExample/nurse"> </a><a name="hcDistendedAbdomenExample/nurse"> </a><a name="DistendedAbdomenExample/nurse-en-US"> </a><div style="display: inline-block; background-color: #d9e0e7; padding: 6px; margin: 4px; border: 1px solid #8da1b4; border-radius: 5px; line-height: 60%"><p style="margin-bottom: 0px"/><p style="margin-bottom: 0px">Profile: <a href="https://www.ehealth.fgov.be/standards/fhir/core/2.0.1/StructureDefinition-be-practitionerrole.html">BePractitionerRole</a></p></div><p><b>code</b>: <span title="Codes:{https://www.ehealth.fgov.be/standards/fhir/core/CodeSystem/cd-hcparty persnurse}">Nurse</span></p></blockquote></div>
  </text>
  <contained>
    <PractitionerRole>
      <id value="nurse"/>
      <meta>
        <profile value="https://www.ehealth.fgov.be/standards/fhir/core/StructureDefinition/be-practitionerrole"/>
      </meta>
      <code>
        <coding>
          <system value="https://www.ehealth.fgov.be/standards/fhir/core/CodeSystem/cd-hcparty"/>
          <code value="persnurse"/>
          <display value="Nurse"/>
        </coding>
      </code>
    </PractitionerRole>
  </contained>
  <status value="final"/>
  <code>
    <coding>
      <system value="http://snomed.info/sct"/>
      <code value="60728008"/>
    </coding>
  </code>
  <subject>
    <identifier>
      <system value="https://www.telemonitoring-prescription.com/FHIR/patient"/>
      <value value="D358D4B4-6007-4C3E-A33B-056773F45DC9"/>
    </identifier>
  </subject>
  <effectivePeriod>
    <start value="2024-11-15T09:56:00+00:00"/>
    <end value="2024-11-15T09:57:00+00:00"/>
  </effectivePeriod>
  <performer>
    <reference value="#nurse"/>
  </performer>
  <valueCodeableConcept>
    <coding>
      <system value="http://loinc.org"/>
      <code value="LA6752-5"/>
    </coding>
  </valueCodeableConcept>
</Observation>